{
  "mi_avg": 63.68979240157455,
  "mi_min": 37.22592631926914,
  "files_analyzed": 8,
  "factors": [
    "T4",
    "A1"
  ]
}