{
  "mi_avg": 35.09780763636438,
  "mi_min": 35.09780763636438,
  "files_analyzed": 1,
  "factors": [
    "T4",
    "A1"
  ]
}