{
  "mi_avg": 74.06258899247415,
  "mi_min": 59.32779588790813,
  "files_analyzed": 7,
  "factors": [
    "T4",
    "A1"
  ]
}