{
  "mi_avg": 83.09669441375459,
  "mi_min": 53.33228652578081,
  "files_analyzed": 20,
  "factors": [
    "T4",
    "A1"
  ]
}