{
  "mi_avg": 67.36845407085363,
  "mi_min": 17.37911223242094,
  "files_analyzed": 30,
  "factors": [
    "T4",
    "A1"
  ]
}