{
  "mi_avg": 76.7207217169173,
  "mi_min": 17.64026261234924,
  "files_analyzed": 39,
  "factors": [
    "T4",
    "A1"
  ]
}