{
  "mi_avg": 43.00295136615151,
  "mi_min": 43.00295136615151,
  "files_analyzed": 1,
  "factors": [
    "T4",
    "A1"
  ]
}