{
  "mi_avg": 78.53670729267614,
  "mi_min": 26.20856752156333,
  "files_analyzed": 10,
  "factors": [
    "T4",
    "A1"
  ]
}