{
  "mi_avg": 58.898008055984924,
  "mi_min": 38.061205925301174,
  "files_analyzed": 6,
  "factors": [
    "T4",
    "A1"
  ]
}