{
  "mi_avg": 68.6739074950928,
  "mi_min": 37.347814990185604,
  "files_analyzed": 2,
  "factors": [
    "T4",
    "A1"
  ]
}