{
  "mi_avg": 75.94652335565617,
  "mi_min": 26.723806073569563,
  "files_analyzed": 47,
  "factors": [
    "T4",
    "A1"
  ]
}