{
  "mi_avg": 22.0492635463455,
  "mi_min": 22.0492635463455,
  "files_analyzed": 1,
  "factors": [
    "T4",
    "A1"
  ]
}