{
  "mi_avg": 91.18458956837972,
  "mi_min": 69.56236888783191,
  "files_analyzed": 4,
  "factors": [
    "T4",
    "A1"
  ]
}