{
  "mi_avg": 99.98069630434532,
  "mi_min": 99.90348152172656,
  "files_analyzed": 5,
  "factors": [
    "T4",
    "A1"
  ]
}