{
  "mi_avg": 50.06959994782019,
  "mi_min": 15.92503153959505,
  "files_analyzed": 6,
  "factors": [
    "T4",
    "A1"
  ]
}