{
  "mi_avg": 69.00099954436975,
  "mi_min": 32.94798583920921,
  "files_analyzed": 93,
  "factors": [
    "T4",
    "A1"
  ]
}