{
  "mi_avg": 27.985662931909513,
  "mi_min": 27.985662931909513,
  "files_analyzed": 1,
  "factors": [
    "T4",
    "A1"
  ]
}