{
  "mi_avg": 80.54876412435874,
  "mi_min": 40.45643777433311,
  "files_analyzed": 66,
  "factors": [
    "T4",
    "A1"
  ]
}