{
  "mi_avg": 73.23476973913453,
  "mi_min": 22.721215578730128,
  "files_analyzed": 45,
  "factors": [
    "T4",
    "A1"
  ]
}