{
  "mi_avg": 69.26850995133594,
  "mi_min": 69.26850995133594,
  "files_analyzed": 1,
  "factors": [
    "T4",
    "A1"
  ]
}