{
  "mi_avg": 68.70846280522022,
  "mi_min": 37.41692561044044,
  "files_analyzed": 2,
  "factors": [
    "T4",
    "A1"
  ]
}