{
  "mi_avg": 92.16397105121209,
  "mi_min": 61.151977486130356,
  "files_analyzed": 40,
  "factors": [
    "T4",
    "A1"
  ]
}