{
  "mi_avg": 77.82662351328963,
  "mi_min": 46.765054607329056,
  "files_analyzed": 31,
  "factors": [
    "T4",
    "A1"
  ]
}