{
  "mi_avg": 82.14552572236423,
  "mi_min": 57.295588309476805,
  "files_analyzed": 5,
  "factors": [
    "T4",
    "A1"
  ]
}