{
  "mi_avg": 59.439437088198794,
  "mi_min": 56.54080863171651,
  "files_analyzed": 2,
  "factors": [
    "T4",
    "A1"
  ]
}