{
  "mi_avg": 76.2488140487437,
  "mi_min": 30.063271653702383,
  "files_analyzed": 38,
  "factors": [
    "T4",
    "A1"
  ]
}