{
  "mi_avg": 80.57412607132942,
  "mi_min": 36.6238760547177,
  "files_analyzed": 17,
  "factors": [
    "T4",
    "A1"
  ]
}