{
  "mi_avg": 75.71436366292548,
  "mi_min": 38.58335190586965,
  "files_analyzed": 9,
  "factors": [
    "T4",
    "A1"
  ]
}