{
  "mi_avg": 82.09315665225218,
  "mi_min": 35.91349964478224,
  "files_analyzed": 41,
  "factors": [
    "T4",
    "A1"
  ]
}