{
  "mi_avg": 67.1960608858718,
  "mi_min": 28.491924144842653,
  "files_analyzed": 4,
  "factors": [
    "T4",
    "A1"
  ]
}