{
  "mi_avg": 75.86773279927006,
  "mi_min": 33.30056503249016,
  "files_analyzed": 98,
  "factors": [
    "T4",
    "A1"
  ]
}