{
  "mi_avg": 72.1489965026449,
  "mi_min": 43.045776216554586,
  "files_analyzed": 8,
  "factors": [
    "T4",
    "A1"
  ]
}