{
  "mi_avg": 77.7672190244987,
  "mi_min": 39.43697058738529,
  "files_analyzed": 30,
  "factors": [
    "T4",
    "A1"
  ]
}