{
  "mi_avg": 71.59289904482598,
  "mi_min": 43.18579808965196,
  "files_analyzed": 2,
  "factors": [
    "T4",
    "A1"
  ]
}