{
  "mi_avg": 34.90242116645948,
  "mi_min": 34.90242116645948,
  "files_analyzed": 1,
  "factors": [
    "T4",
    "A1"
  ]
}