{
  "mi_avg": 42.223114335299925,
  "mi_min": 42.223114335299925,
  "files_analyzed": 1,
  "factors": [
    "T4",
    "A1"
  ]
}