{
  "mi_avg": 17.19258562729225,
  "mi_min": 17.19258562729225,
  "files_analyzed": 1,
  "factors": [
    "T4",
    "A1"
  ]
}