{
  "mi_avg": 69.67059179228467,
  "mi_min": 2.3177648563503377,
  "files_analyzed": 128,
  "factors": [
    "T4",
    "A1"
  ]
}