{
  "mi_avg": 75.16616252715937,
  "mi_min": 45.948941995032335,
  "files_analyzed": 21,
  "factors": [
    "T4",
    "A1"
  ]
}