{
  "mi_avg": 65.58904649681345,
  "mi_min": 34.613931961885626,
  "files_analyzed": 10,
  "factors": [
    "T4",
    "A1"
  ]
}