{
  "mi_avg": 87.15065781890677,
  "mi_min": 61.451973456720296,
  "files_analyzed": 3,
  "factors": [
    "T4",
    "A1"
  ]
}