{
  "mi_avg": 82.54014246956586,
  "mi_min": 9.345763415394767,
  "files_analyzed": 49,
  "factors": [
    "T4",
    "A1"
  ]
}