{
  "mi_avg": 42.13721213756791,
  "mi_min": 42.13721213756791,
  "files_analyzed": 1,
  "factors": [
    "T4",
    "A1"
  ]
}