{
  "mi_avg": 56.12944177238592,
  "mi_min": 13.635615867594664,
  "files_analyzed": 11,
  "factors": [
    "T4",
    "A1"
  ]
}