{
  "mi_avg": 67.32457297975752,
  "mi_min": 48.14893087180163,
  "files_analyzed": 12,
  "factors": [
    "T4",
    "A1"
  ]
}