{
  "mi_avg": 59.203602167223615,
  "mi_min": 30.874173429995714,
  "files_analyzed": 15,
  "factors": [
    "T4",
    "A1"
  ]
}