{
  "mi_avg": 65.3345598039327,
  "mi_min": 63.854465668038785,
  "files_analyzed": 2,
  "factors": [
    "T4",
    "A1"
  ]
}