{
  "mi_avg": 61.244268352328476,
  "mi_min": 25.003049473033688,
  "files_analyzed": 52,
  "factors": [
    "T4",
    "A1"
  ]
}