{
  "mi_avg": 72.305339441101,
  "mi_min": 3.7808346428627666,
  "files_analyzed": 115,
  "factors": [
    "T4",
    "A1"
  ]
}