{
  "mi_avg": 91.91212160583962,
  "mi_min": 54.55911495290198,
  "files_analyzed": 17,
  "factors": [
    "T4",
    "A1"
  ]
}