{
  "mi_avg": 64.71967095175484,
  "mi_min": 38.94935895677295,
  "files_analyzed": 4,
  "factors": [
    "T4",
    "A1"
  ]
}