{
  "mi_avg": 82.38790634538167,
  "mi_min": 41.264156158019965,
  "files_analyzed": 26,
  "factors": [
    "T4",
    "A1"
  ]
}