{
  "mi_avg": 15.210371509318637,
  "mi_min": 15.210371509318637,
  "files_analyzed": 1,
  "factors": [
    "T4",
    "A1"
  ]
}