{
  "mi_avg": 57.14721210853011,
  "mi_min": 41.551828653948505,
  "files_analyzed": 3,
  "factors": [
    "T4",
    "A1"
  ]
}