{
  "mi_avg": 45.74931252968176,
  "mi_min": 45.74931252968176,
  "files_analyzed": 1,
  "factors": [
    "T4",
    "A1"
  ]
}