{
  "mi_avg": 67.50254431975542,
  "mi_min": 51.175454349904804,
  "files_analyzed": 12,
  "factors": [
    "T4",
    "A1"
  ]
}