{
  "mi_avg": 88.46598234468212,
  "mi_min": 41.036584000615434,
  "files_analyzed": 18,
  "factors": [
    "T4",
    "A1"
  ]
}