{
  "mi_avg": 61.20946240317073,
  "mi_min": 36.90692300446861,
  "files_analyzed": 8,
  "factors": [
    "T4",
    "A1"
  ]
}