{
  "mi_avg": 87.57345807019894,
  "mi_min": 40.01779704125586,
  "files_analyzed": 82,
  "factors": [
    "T4",
    "A1"
  ]
}