{
  "mi_avg": 73.44584292888597,
  "mi_min": 33.116308732212566,
  "files_analyzed": 18,
  "factors": [
    "T4",
    "A1"
  ]
}