{
  "mi_avg": 60.75757419965406,
  "mi_min": 31.621701830777827,
  "files_analyzed": 4,
  "factors": [
    "T4",
    "A1"
  ]
}