{
  "mi_avg": 67.86309964810866,
  "mi_min": 51.36158347483786,
  "files_analyzed": 5,
  "factors": [
    "T4",
    "A1"
  ]
}