{
  "mi_avg": 41.48914779609843,
  "mi_min": 41.48914779609843,
  "files_analyzed": 1,
  "factors": [
    "T4",
    "A1"
  ]
}