{
  "mi_avg": 64.19810465994398,
  "mi_min": 25.147387429663738,
  "files_analyzed": 62,
  "factors": [
    "T4",
    "A1"
  ]
}