{
  "mi_avg": 85.99104236062496,
  "mi_min": 80.35091734825687,
  "files_analyzed": 2,
  "factors": [
    "T4",
    "A1"
  ]
}