{
  "mi_avg": 74.29383791122952,
  "mi_min": 20.839359259559533,
  "files_analyzed": 59,
  "factors": [
    "T4",
    "A1"
  ]
}