{
  "mi_avg": 81.89668842910181,
  "mi_min": 44.63257154735158,
  "files_analyzed": 42,
  "factors": [
    "T4",
    "A1"
  ]
}