{
  "mi_avg": 80.15291950594239,
  "mi_min": 36.45126875165511,
  "files_analyzed": 6,
  "factors": [
    "T4",
    "A1"
  ]
}