{
  "mi_avg": 42.179306603237514,
  "mi_min": 42.179306603237514,
  "files_analyzed": 1,
  "factors": [
    "T4",
    "A1"
  ]
}