{
  "mi_avg": 89.15737694071616,
  "mi_min": 62.326950164668965,
  "files_analyzed": 7,
  "factors": [
    "T4",
    "A1"
  ]
}