{
  "mi_avg": 71.07839601834402,
  "mi_min": 71.07839601834402,
  "files_analyzed": 1,
  "factors": [
    "T4",
    "A1"
  ]
}