{
  "mi_avg": 84.97265471206103,
  "mi_min": 39.58502650678115,
  "files_analyzed": 24,
  "factors": [
    "T4",
    "A1"
  ]
}