{
  "mi_avg": 76.07574922939932,
  "mi_min": 0.29516062588829933,
  "files_analyzed": 21,
  "factors": [
    "T4",
    "A1"
  ]
}