{
  "mi_avg": 44.431707309056165,
  "mi_min": 44.431707309056165,
  "files_analyzed": 1,
  "factors": [
    "T4",
    "A1"
  ]
}