{
  "mi_avg": 67.37126508765077,
  "mi_min": 52.13554236801904,
  "files_analyzed": 5,
  "factors": [
    "T4",
    "A1"
  ]
}