{
  "mi_avg": 79.56107722361449,
  "mi_min": 67.76209828382542,
  "files_analyzed": 12,
  "factors": [
    "T4",
    "A1"
  ]
}