{
  "mi_avg": 89.78582599384632,
  "mi_min": 59.14330397538526,
  "files_analyzed": 4,
  "factors": [
    "T4",
    "A1"
  ]
}