{
  "mi_avg": 50.674315512845645,
  "mi_min": 17.153700903219715,
  "files_analyzed": 3,
  "factors": [
    "T4",
    "A1"
  ]
}