{
  "mi_avg": 52.79770303976699,
  "mi_min": 26.977223021648058,
  "files_analyzed": 7,
  "factors": [
    "T4",
    "A1"
  ]
}