{
  "mi_avg": 74.97467356476318,
  "mi_min": 57.941776734132446,
  "files_analyzed": 9,
  "factors": [
    "T4",
    "A1"
  ]
}