{
  "mi_avg": 68.84557340250791,
  "mi_min": 33.17223478720884,
  "files_analyzed": 25,
  "factors": [
    "T4",
    "A1"
  ]
}