{
  "mi_avg": 79.9120117280365,
  "mi_min": 63.703659704592475,
  "files_analyzed": 8,
  "factors": [
    "T4",
    "A1"
  ]
}