{
  "mi_avg": 94.8227862855022,
  "mi_min": 52.56696316552409,
  "files_analyzed": 129,
  "factors": [
    "T4",
    "A1"
  ]
}