{
  "mi_avg": 59.789726094029255,
  "mi_min": 38.683711929678736,
  "files_analyzed": 3,
  "factors": [
    "T4",
    "A1"
  ]
}