{
  "mi_avg": 79.42753141486322,
  "mi_min": 15.58738029175768,
  "files_analyzed": 24,
  "factors": [
    "T4",
    "A1"
  ]
}