{
  "mi_avg": 39.91466962629303,
  "mi_min": 39.91466962629303,
  "files_analyzed": 1,
  "factors": [
    "T4",
    "A1"
  ]
}