{
  "mi_avg": 81.19516684638549,
  "mi_min": 44.75069685845288,
  "files_analyzed": 19,
  "factors": [
    "T4",
    "A1"
  ]
}