{
  "mi_avg": 52.294444791846956,
  "mi_min": 28.63551803110129,
  "files_analyzed": 16,
  "factors": [
    "T4",
    "A1"
  ]
}