{
  "mi_avg": 64.4336653082412,
  "mi_min": 62.786685210952356,
  "files_analyzed": 2,
  "factors": [
    "T4",
    "A1"
  ]
}