{
  "mi_avg": 77.25727721829486,
  "mi_min": 61.043826673490734,
  "files_analyzed": 18,
  "factors": [
    "T4",
    "A1"
  ]
}