{
  "mi_avg": 66.8529698668471,
  "mi_min": 48.591675613714905,
  "files_analyzed": 11,
  "factors": [
    "T4",
    "A1"
  ]
}