{
  "mi_avg": 88.89426380402995,
  "mi_min": 49.56936816409639,
  "files_analyzed": 40,
  "factors": [
    "T4",
    "A1"
  ]
}