{
  "mi_avg": 64.61276500389336,
  "mi_min": 64.61276500389336,
  "files_analyzed": 1,
  "factors": [
    "T4",
    "A1"
  ]
}