{
  "mi_avg": 94.34615674359509,
  "mi_min": 50.62651559372241,
  "files_analyzed": 47,
  "factors": [
    "T4",
    "A1"
  ]
}