{
  "mi_avg": 87.56407409868626,
  "mi_min": 45.85022291322459,
  "files_analyzed": 58,
  "factors": [
    "T4",
    "A1"
  ]
}