{
  "mi_avg": 70.63071611725735,
  "mi_min": 28.43686844627629,
  "files_analyzed": 12,
  "factors": [
    "T4",
    "A1"
  ]
}