{
  "mi_avg": 65.6708056067926,
  "mi_min": 28.287807641702035,
  "files_analyzed": 9,
  "factors": [
    "T4",
    "A1"
  ]
}