{
  "mi_avg": 51.2411433779463,
  "mi_min": 10.267064822266889,
  "files_analyzed": 26,
  "factors": [
    "T4",
    "A1"
  ]
}