{
  "mi_avg": 87.20424522061164,
  "mi_min": 51.80176050569419,
  "files_analyzed": 21,
  "factors": [
    "T4",
    "A1"
  ]
}