{
  "mi_avg": 57.14743786591112,
  "mi_min": 57.14743786591112,
  "files_analyzed": 1,
  "factors": [
    "T4",
    "A1"
  ]
}