{
  "mi_avg": 80.0650250776643,
  "mi_min": 63.1230231107353,
  "files_analyzed": 10,
  "factors": [
    "T4",
    "A1"
  ]
}