{
  "mi_avg": 59.47395831637058,
  "mi_min": 14.719226353902336,
  "files_analyzed": 7,
  "factors": [
    "T4",
    "A1"
  ]
}