{
  "mi_avg": 74.17383745932607,
  "mi_min": 74.17383745932607,
  "files_analyzed": 1,
  "factors": [
    "T4",
    "A1"
  ]
}