{
  "mi_avg": 79.99121118638641,
  "mi_min": 1.471584951104422,
  "files_analyzed": 8,
  "factors": [
    "T4",
    "A1"
  ]
}