{
  "mi_avg": 91.59894486556553,
  "mi_min": 73.49240682729602,
  "files_analyzed": 5,
  "factors": [
    "T4",
    "A1"
  ]
}