{
  "mi_avg": 75.72812653153257,
  "mi_min": 25.5137509331851,
  "files_analyzed": 16,
  "factors": [
    "T4",
    "A1"
  ]
}