{
  "mi_avg": 21.303773343854,
  "mi_min": 21.303773343854,
  "files_analyzed": 1,
  "factors": [
    "T4",
    "A1"
  ]
}