{
  "mi_avg": 24.609937874868354,
  "mi_min": 24.609937874868354,
  "files_analyzed": 1,
  "factors": [
    "T4",
    "A1"
  ]
}