{
  "mi_avg": 61.81113602550497,
  "mi_min": 25.789399929800908,
  "files_analyzed": 66,
  "factors": [
    "T4",
    "A1"
  ]
}