{
  "mi_avg": 73.00108058486627,
  "mi_min": 41.906503243809475,
  "files_analyzed": 25,
  "factors": [
    "T4",
    "A1"
  ]
}