{
  "mi_avg": 67.93858876334701,
  "mi_min": 3.8157662900410285,
  "files_analyzed": 3,
  "factors": [
    "T4",
    "A1"
  ]
}