{
  "mi_avg": 79.02140237937031,
  "mi_min": 25.987422370215214,
  "files_analyzed": 107,
  "factors": [
    "T4",
    "A1"
  ]
}