{
  "mi_avg": 75.47314311395708,
  "mi_min": 60.089725414898474,
  "files_analyzed": 4,
  "factors": [
    "T4",
    "A1"
  ]
}