{
  "mi_avg": 57.22975439883925,
  "mi_min": 44.552781844003086,
  "files_analyzed": 2,
  "factors": [
    "T4",
    "A1"
  ]
}