{
  "mi_avg": 36.77569108942943,
  "mi_min": 16.664903179890914,
  "files_analyzed": 8,
  "factors": [
    "T4",
    "A1"
  ]
}