{
  "mi_avg": 68.67294308755997,
  "mi_min": 17.1957572836551,
  "files_analyzed": 21,
  "factors": [
    "T4",
    "A1"
  ]
}