{
  "mi_avg": 73.82263085651124,
  "mi_min": 46.89135681120509,
  "files_analyzed": 9,
  "factors": [
    "T4",
    "A1"
  ]
}