{
  "mi_avg": 52.87035524089318,
  "mi_min": 17.17014279086234,
  "files_analyzed": 18,
  "factors": [
    "T4",
    "A1"
  ]
}