{
  "mi_avg": 68.42495757261574,
  "mi_min": 39.17974063499499,
  "files_analyzed": 5,
  "factors": [
    "T4",
    "A1"
  ]
}