{
  "mi_avg": 49.68012408115254,
  "mi_min": 41.31207431576937,
  "files_analyzed": 3,
  "factors": [
    "T4",
    "A1"
  ]
}