{
  "mi_avg": 46.902166695291996,
  "mi_min": 46.902166695291996,
  "files_analyzed": 1,
  "factors": [
    "T4",
    "A1"
  ]
}