{
  "mi_avg": 72.52231153739594,
  "mi_min": 41.63989462830824,
  "files_analyzed": 48,
  "factors": [
    "T4",
    "A1"
  ]
}