{
  "mi_avg": 69.87339815486789,
  "mi_min": 37.24630507074185,
  "files_analyzed": 7,
  "factors": [
    "T4",
    "A1"
  ]
}