{
  "mi_avg": 67.06457037326892,
  "mi_min": 12.958038908669332,
  "files_analyzed": 39,
  "factors": [
    "T4",
    "A1"
  ]
}