{
  "mi_avg": 66.37977067543709,
  "mi_min": 31.41975143430453,
  "files_analyzed": 19,
  "factors": [
    "T4",
    "A1"
  ]
}