{
  "mi_avg": 47.346052404704956,
  "mi_min": 4.895981599469227,
  "files_analyzed": 21,
  "factors": [
    "T4",
    "A1"
  ]
}